id_resep,nama_resep,gambar,referensi,kategori,porsi_x,Unnamed: 6,Unnamed: 7,Unnamed: 8,Unnamed: 9,list_bahan,kalori,protein,lemak,karbo,porsi_y
R1,Bubur Singkong Isi Ikan dan Ayam dengan Saus Jeruk,R1.jpg,https://ayosehat.kemkes.go.id/pub/files/d8a32723535961f3f2a6e44f0f8ba915.pdf,0,3.0,,,,,"['singkong putih', 'ikan kembung', 'ayam', 'kaldu ayam', 'minyak kelapa', 'bayam', 'daun salam', 'sereh', 'bawang merah', 'bawang putih', 'jeruk']",82.9,3.3,1.9,14.2,3
R2,Pure Ikan Ungu,R2.jpg,https://www.royco.co.id/r/puree-ikan-ungu.html/246671,0,3.0,,,,,"['tahu', 'labu siam', 'santan', 'ikan tuna', 'ubi ungu', 'air', 'kaldu jamur bubuk']",90.1,5.5,5.2,5.2,3
R3,Ubi Tahu,R3.jpg,https://www.royco.co.id/r/ubi-tahu.html/246891,0,3.0,,,,,"['ayam', 'tahu', 'wortel', 'santan', 'ubi ungu', 'air', 'kaldu jamur bubuk']",141.1,8.9,9.1,5.8,3
R4,Salmon Moringa,R4.jpg,https://www.royco.co.id/r/salmon-moringa.html/246667,0,3.0,,,,,"['air', 'kaldu jamur bubuk', 'salmon', 'kentang', 'mentega tawar']",203.0,5.8,21.6,0.4,3
R5,Sup Bayam Oyong,R5.jpg,https://www.royco.co.id/r/sup-bayam-oyong.html/246668,0,4.0,,,,,"['bawang putih', 'santan', 'air', 'kaldu jamur bubuk', 'misoa', 'jagung', 'daun bawang', 'oyong', 'ikan dori']",91.5,3.6,4.6,9.5,4
R6,Bubur Nasi Buncis,R6.jpg,https://www.royco.co.id/r/bubur-nasi-buncis.html/246889,0,6.0,,,,,"['ayam', 'nasi putih', 'santan', 'jahe', 'air', 'daun bawang', 'buncis', 'kaldu ayam bubuk']",108.9,5.5,4.7,11.4,6
R7,Bubur Hati Ayam,R7.jpg,https://www.royco.co.id/r/bubur-hati-ayam.html/245407,0,4.0,,,,,"['nasi putih', 'santan', 'air', 'air', 'kaldu jamur bubuk', 'jagung', 'hati ayam', 'daun kelor']",138.4,9.4,6.0,11.6,4
R8,Sup Labu Sapi,R8.jpg,https://www.royco.co.id/r/sup-labu-sapi.html/246681,0,3.0,,,"Note kategori:
-  0 : 6-8 bulan
-  1 : 9-11 bulan
-  2 : 12-23 bulan  ",,"['bawang putih', 'santan', 'air', 'kaldu jamur bubuk', 'mentega tawar', 'daun bawang', 'daging sapi', 'labu kuning', 'bengkoang']",114.2,5.57,8.9,3.0,3
R9,Sup Nasi Bayam,R9.jpg,https://www.royco.co.id/r/sup-nasi-bayam.html/245405,0,6.0,,,,,"['bayam', 'bawang putih', 'nasi putih', 'santan', 'jahe', 'air', 'air', 'kaldu ayam bubuk', 'telur ayam']",109.3,4.3,5.1,11.7,6
R10,Sup Ubi Semur Sapi,R10.jpg,https://www.royco.co.id/r/sup-ubi-semur-sapi.html/246890,0,4.0,,,,,"['wortel', 'santan', 'jahe', 'air', 'kaldu jamur bubuk', 'daging sapi', 'ubi merah', 'biji pala', 'kecap manis']",91.9,4.2,6.5,4.1,4
R11,Roti Isi Tuna Wijen,R11.jpg,https://www.royco.co.id/r/roti-isi-tuna-wijen.html/246898,1,4.0,,,,,"['ikan tuna', 'kaldu jamur bubuk', 'mentega tawar', 'daun bawang', 'daun kelor', 'telur ayam', 'jeruk nipis', 'kacang wijen', 'roti tawar', 'mayones']",250.8,12.7,9.3,29.0,4
R12,Onigiri Daun Kelor,R12.jpg,https://www.royco.co.id/r/onigiri-daun-kelor.html/245538,1,6.0,,,,,"['nasi putih', 'santan', 'jagung', 'daun bawang', 'kaldu ayam bubuk', 'daun kelor', 'daging sapi', 'nori', 'minyak sayur', 'gula pasir', 'kacang hijau']",790.4,20.5,10.1,160.3,6
R13,Omelette Hati Ayam,R13.jpg,https://www.royco.co.id/r/omelette-hati-ayam.html/246897,1,3.0,,,Total resep,120.0,"['bawang putih', 'nasi putih', 'wortel', 'minyak goreng', 'kaldu jamur bubuk', 'buncis', 'hati ayam', 'telur ayam', 'bawang bombay', 'susu']",137.3,7.1,3.0,20.9,3
R14,Beef Schotel,R14.jpg,https://www.royco.co.id/r/beef-schotel.html/246894,1,6.0,,,resep 6-8 bulan,40.0,"['bawang putih', 'kaldu ayam bubuk', 'telur ayam', 'bawang bombay', 'susu', 'margarin', 'makaroni', 'smoke beef', 'brokoli', 'merica', 'ketumbar', 'keju', 'keju']",124.5,7.8,5.9,9.8,6
R15,Bola Ayam Ubi,R15.jpg,https://www.royco.co.id/r/bola-ayam-ubi.html/245289,1,11.0,,,resep 9-11 bulan,40.0,"['ayam', 'bayam', 'bawang putih', 'wortel', 'minyak goreng', 'santan', 'air', 'air', 'kaldu jamur bubuk', 'daun bawang', 'ubi', 'tepung maizena']",47.0,2.7,2.6,3.3,11
R16,Spinach Salmon Cheese,R16.jpg,https://www.royco.co.id/r/spinach-salmon-cheese.html/246895,1,4.0,,,resep 12-23 bulan,40.0,"['bayam', 'santan', 'kaldu jamur bubuk', 'salmon', 'cream cheese', 'biskuit']",184.7,8.1,6.6,21.1,4
R17,Roasted Stuff Wings,R17.jpg,https://www.royco.co.id/r/roasted-stuff-wings.html/246893,1,6.0,,,,,"['bayam', 'wortel', 'jahe', 'kentang', 'mentega tawar', 'daun bawang', 'kaldu ayam bubuk', 'kecap manis', 'jeruk nipis', 'sayap ayam']",117.5,8.7,11.0,1.2,6
R18,Puree Ikan Ungu,R18.jpg,https://www.royco.co.id/r/puree-ikan-ungu.html/246671,1,3.0,,,,,"['tahu', 'labu siam', 'santan', 'ikan tuna', 'ubi ungu', 'air', 'kaldu jamur bubuk']",90.1,5.5,5.2,5.2,3
R19,Tim Tahu Udang,R19.jpg,https://www.royco.co.id/r/tim-tahu-udang.html/245540,1,12.0,,,Rekap resep 1-50,,"['bawang putih', 'tahu', 'wortel', 'santan', 'jahe', 'air', 'kaldu jamur bubuk', 'minyak sayur', 'udang', 'tepung tapioka']",33.4,3.5,1.5,1.4,12
R20,Perkedel Ubi Merah,R20.jpg,https://www.royco.co.id/r/perkedel-ubi-merah.html/246896,1,6.0,,,resep 6-8 bulan,29.0,"['minyak goreng', 'daging sapi', 'ubi merah', 'susu', 'tepung tapioka']",67.3,4.1,2.8,6.1,6
R21,Pakchoi Baby Pasta,R21.jpg,https://www.royco.co.id/r/pakchoi-baby-pasta.html/245290,2,4.0,,,resep 9-11 bulan,10.0,"['kaldu jamur bubuk', 'mentega tawar', 'daun bawang', 'ikan dori', 'susu', 'pak choi', 'pasta']",177.0,5.1,12.5,10.5,4
R22,Puree Kentang Susu,R22.jpg,https://www.haibunda.com/parenting/20230728213253-59-311962/30-resep-menu-mpasi-6-bulan-mudah-dibuat-bergizi-terbaik-disukai-anak,0,1.0,,,resep 12-23 bulan,11.0,"['kentang', 'susu']",146.1,1.2,30.8,4.3,1
R23,Bubur Udang Tahu,R23.jpg,https://www.haibunda.com/parenting/20230728213253-59-311962/30-resep-menu-mpasi-6-bulan-mudah-dibuat-bergizi-terbaik-disukai-anak,0,1.0,,,,,"['daun salam', 'bawang merah', 'bawang putih', 'nasi putih', 'tahu', 'santan', 'jahe', 'jeruk nipis', 'gula pasir', 'udang', 'tomat', 'kemangi', 'garam', 'kemiri']",1952.2,50.1,13.3,423.4,1
R24,Puree Kacang Ijo,R24.jpg,https://www.haibunda.com/parenting/20230728213253-59-311962/30-resep-menu-mpasi-6-bulan-mudah-dibuat-bergizi-terbaik-disukai-anak,0,1.0,,,,,"['kacang hijau', 'susu']",415.4,27.7,2.4,73.5,1
R25,Bubur Soto Ayam Santan,R25.jpg,https://ayosehat.kemkes.go.id/pub/files/d8a32723535961f3f2a6e44f0f8ba915.pdf,0,3.0,,,,,"['ayam', 'kaldu ayam', 'daun salam', 'sereh', 'bawang merah', 'bawang putih', 'jeruk', 'nasi putih', 'tahu', 'labu siam', 'wortel', 'daun jeruk', 'minyak goreng', 'santan', 'kunyit', 'jahe']",152.2,6.6,5.7,20.3,3
R26,Bubur Puyuh Hati Ayam,R26.jpg,https://www.haibunda.com/parenting/20230728213253-59-311962/30-resep-menu-mpasi-6-bulan-mudah-dibuat-bergizi-terbaik-disukai-anak,0,1.0,,,,,"['bawang merah', 'bawang putih', 'nasi putih', 'buncis', 'hati ayam', 'minyak sayur', 'garam', 'telur puyuh']",1892.1,44.7,9.9,421.3,1
R27,Nugget Dori,R27.jpg,https://www.royco.co.id/r/nugget-dori.html/246920,2,4.0,,,,,"['bawang putih', 'bawang putih', 'minyak goreng', 'kaldu jamur bubuk', 'ikan dori', 'telur ayam', 'telur ayam', 'brokoli', 'tepung maizena', 'tepung panir', 'tepung terigu']",195.1,10.5,4.3,27.7,4
R28,Mini Fritata,R28.jpg,https://www.royco.co.id/r/mini-fritata.html/246918,2,6.0,,,,,"['wortel', 'kentang', 'jagung', 'daun bawang', 'kaldu ayam bubuk', 'daun kelor', 'telur ayam', 'minyak sayur', 'keju']",66.1,3.4,8.2,1.6,6
R29,Tahu Bakso Kuah,R29.jpg,https://www.royco.co.id/r/tahu-bakso-kuah.html/246917,2,6.0,,,,,"['ayam', 'kaldu ayam', 'bawang putih', 'tahu', 'wortel', 'jahe', 'daun bawang', 'kaldu ayam bubuk', 'gula pasir', 'bawang bombay', 'tepung maizena']",90.7,8.5,4.8,3.8,6
R30,Nugget Bayam,R30.jpg,https://www.royco.co.id/r/nugget-bayam.html/245541,2,4.0,,,,,"['ayam', 'bayam', 'bawang merah', 'bawang putih', 'nasi putih', 'minyak goreng', 'kaldu jamur bubuk', 'telur ayam', 'tepung panir', 'tepung terigu']",179.2,8.6,3.8,27.9,4
R31,Orek Bola Dori,R31.jpg,https://www.royco.co.id/r/orek-bola-dori.html/246915,2,4.0,,,,,"['daun salam', 'bawang merah', 'bawang putih', 'daun jeruk', 'kaldu jamur bubuk', 'ikan dori', 'daun kelor', 'kecap manis', 'gula pasir', 'tepung maizena', 'lengkuas', 'wijen putih']",52.2,3.4,1.2,6.7,4
R32,Pure Bayam Tomat,R32.jpg,https://www.haibunda.com/parenting/20230728213253-59-311962/30-resep-menu-mpasi-6-bulan-mudah-dibuat-bergizi-terbaik-disukai-anak,0,1.0,,,,,"['bayam', 'jeruk', 'air', 'tomat']",93.1,4.6,2.0,17.7,1
R33,Bubur Nasi Ayam Brokoli,R33.jpg,https://www.haibunda.com/parenting/20230728213253-59-311962/30-resep-menu-mpasi-6-bulan-mudah-dibuat-bergizi-terbaik-disukai-anak,0,1.0,,,,,"['ayam', 'kaldu ayam', 'nasi putih', 'tahu', 'daun jeruk', 'jagung', 'brokoli', 'minyak zaitun']",205.0,16.7,7.9,18.7,1
R34,Kentang Salmon,R34.jpg,https://www.haibunda.com/parenting/20230728213253-59-311962/30-resep-menu-mpasi-6-bulan-mudah-dibuat-bergizi-terbaik-disukai-anak,0,1.0,,,,,"['salmon', 'kentang', 'garam', 'minyak zaitun', 'kaldu ikan']",160.0,10.9,23.1,1.9,1
R35,Tim Telur Tahu Sayur,R35.jpg,https://www.haibunda.com/parenting/20230728213253-59-311962/30-resep-menu-mpasi-6-bulan-mudah-dibuat-bergizi-terbaik-disukai-anak,0,1.0,,,,,"['bawang putih', 'nasi putih', 'tahu', 'air', 'telur ayam', 'minyak zaitun', 'daun caisim']",173.0,11.5,7.6,15.4,1
R36,Tim Labu Kuning,R36.jpg,https://www.haibunda.com/parenting/20230728213253-59-311962/30-resep-menu-mpasi-6-bulan-mudah-dibuat-bergizi-terbaik-disukai-anak,0,1.0,,,,,"['jeruk', 'labu kuning']",100.4,3.5,0.5,23.5,1
R37,Pure Buah Naga,R37.jpg,https://www.haibunda.com/parenting/20230728213253-59-311962/30-resep-menu-mpasi-6-bulan-mudah-dibuat-bergizi-terbaik-disukai-anak,0,1.0,,,,,"['jeruk', 'buah naga']",35.6,0.6,0.2,8.7,1
R38,Ayam Lemon Daun Kelor,R38.jpg,https://www.royco.co.id/r/ayam-lemon-daun-kelor.html/245542,2,4.0,,,,,"['ayam', 'mentega tawar', 'kaldu ayam bubuk', 'daun kelor', 'minyak sayur', 'bawang bombay', 'tepung panir', 'lemon']",169.8,8.4,9.7,11.4,4
R39,Puree Telur Rebus,R39.jpg,https://www.haibunda.com/parenting/20230728213253-59-311962/30-resep-menu-mpasi-6-bulan-mudah-dibuat-bergizi-terbaik-disukai-anak,0,1.0,,,,,"['air', 'telur ayam']",74.0,6.3,5.0,0.4,1
R40,Tumis Sapi Jamur,R40.jpg,https://www.royco.co.id/r/tumis-sapi-jamur.html/246916,0,4.0,,,,,"['bawang putih', 'kaldu jamur bubuk', 'kentang', 'daging sapi', 'kecap manis', 'minyak sayur', 'bawang bombay', 'susu', 'wijen putih', 'paprika hijau', 'jamur enoki', 'mentega']",180.1,8.6,17.5,3.8,4
R41,Tinny Meatballs,R41.jpg,https://www.royco.co.id/r/tinny-meatballs.html/246899,2,4.0,,,,,"['kaldu jamur bubuk', 'mentega tawar', 'hati ayam', 'daging sapi', 'ubi merah', 'kecap manis', 'susu', 'tepung panir', 'tepung terigu', 'krim', 'pala bubuk', 'jahe bubuk']",387.9,9.5,28.9,21.9,4
R42,Ubi Mac N' Cheese,R42.jpg,https://www.royco.co.id/r/ubi-mac-n-cheese.html/246919,2,4.0,,,,,"['bawang putih', 'mentega tawar', 'telur ayam', 'ubi merah', 'susu', 'keju', 'keju', 'pasta', 'pala bubuk']",434.2,22.3,29.7,18.8,4
R43,Bubur ikan dori,R43.jpg,https://hellosehat.com/parenting/bayi/gizi-bayi/resep-mpasi-6-bulan/,0,3.0,,,,,"['wortel', 'jahe', 'air', 'ikan dori', 'bawang bombay', 'beras', 'seledri']",52.0,4.8,1.7,4.3,3
R44,Bubur ubi ungu,R44.jpg,https://hellosehat.com/parenting/bayi/gizi-bayi/resep-mpasi-6-bulan/,0,3.0,,,,,"['air', 'keju', 'tepung ubi ungu', 'pisang']",138.9,5.8,6.8,14.5,3
R45,Bubur iga sapi,R45.jpg,https://hellosehat.com/parenting/bayi/gizi-bayi/resep-mpasi-6-bulan/,0,3.0,,,,,"['minyak kelapa', 'wortel', 'air', 'kentang', 'iga', 'edamame']",94.4,4.4,10.0,4.5,3
R46,Alpukat cheese cream,R46.jpg,https://hellosehat.com/parenting/bayi/gizi-bayi/resep-mpasi-6-bulan/,0,1.0,,,,,"['susu', 'margarin', 'keju', 'tepung maizena', 'biskuit', 'alpukat']",1376.8,29.3,80.3,130.2,1
R47,Sop udang,R47.jpg,https://hellosehat.com/parenting/bayi/gizi-bayi/resep-mpasi-6-bulan/,0,3.0,,,,,"['minyak kelapa', 'bawang merah', 'bawang putih', 'wortel', 'brokoli', 'udang', 'garam']",107.6,18.9,1.7,3.4,3
R48,Ayam telur puyuh,R48.jpg,https://hellosehat.com/parenting/bayi/gizi-bayi/resep-mpasi-6-bulan/,0,3.0,,,,,"['ayam', 'daun salam', 'bawang merah', 'bawang putih', 'kunyit', 'kacang hijau', 'margarin', 'telur puyuh', 'beras', 'sawi']",159.9,10.7,11.1,3.8,3
R49,tempe tomato meat sauce,R49.jpg,https://www.popmama.com/baby/7-12-months/sarrah-ulfah/resep-mpasi-pilihan-untuk-bayi-12-bulan?page=all,2,3.0,,,,,"['bawang putih', 'wortel', 'kentang', 'jagung', 'daun bawang', 'buncis', 'daging sapi', 'bawang bombay', 'brokoli', 'tomat', 'tempe']",338.0,28.5,22.1,12.7,3
R50,tuna saus bayam,R50.jpg,https://www.popmama.com/baby/7-12-months/sarrah-ulfah/resep-mpasi-pilihan-untuk-bayi-12-bulan?page=all,2,3.0,,,,,"['bayam', 'bayam', 'ikan tuna', 'mentega tawar', 'bawang bombay', 'susu', 'tepung maizena']",204.6,4.5,12.0,19.8,3
R51,bakso kuah kuning,R51.jpg,https://www.popmama.com/baby/7-12-months/sarrah-ulfah/resep-mpasi-pilihan-untuk-bayi-12-bulan?page=all,2,3.0,,,,,"['ayam', 'kaldu ayam', 'bayam', 'bawang merah', 'bawang putih', 'nasi putih', 'wortel', 'santan', 'kunyit', 'tempe', 'sagu']",1846.5,53.7,60.2,286.1,3
R52,chicken veggie risotto,R52.jpg,https://www.popmama.com/baby/7-12-months/sarrah-ulfah/resep-mpasi-pilihan-untuk-bayi-12-bulan?page=all,2,3.0,,,,,"['ayam', 'kaldu ayam', 'bawang merah', 'bawang putih', 'nasi putih', 'wortel', 'daun jeruk', 'jahe', 'daun bawang', 'buncis', 'telur puyuh', 'butter', 'serai']",3258.9,79.8,25.0,703.5,3
R53,nasi goreng sayur,R53.jpg,https://www.popmama.com/baby/7-12-months/sarrah-ulfah/resep-mpasi-pilihan-untuk-bayi-12-bulan?page=all,2,3.0,,,,,"['bawang merah', 'nasi putih', 'minyak goreng', 'daun bawang', 'telur ayam', 'brokoli', 'kecap asin', 'kecap ikan', 'saus tomat']",1531.5,32.7,5.2,351.5,3
R54,tim brokoli ayam,R54.jpg,https://www.popmama.com/baby/7-12-months/sarrah-ulfah/resep-mpasi-pilihan-untuk-bayi-12-bulan?page=all,2,3.0,,,,,"['ayam', 'nasi putih', 'mentega tawar', 'buncis', 'bawang bombay', 'brokoli']",3247.8,79.3,24.1,703.4,3
R55,sup makaroni tofu brokoli,R55.jpg,https://www.popmama.com/baby/7-12-months/sarrah-ulfah/resep-mpasi-pilihan-untuk-bayi-12-bulan?page=all,2,4.0,,,,,"['kaldu ayam', 'bawang merah', 'bawang putih', 'tahu', 'wortel', 'daun bawang', 'makaroni', 'brokoli', 'merica', 'garam', 'seledri']",46.6,2.6,1.3,6.9,4
R56,Tim Kentang Daging Giling,R56.jpg,https://www.generasimaju.co.id/artikel/1-tahun/resep/mpasi-anak-1-tahun,2,3.0,,,,,"['air', 'kentang', 'daun bawang', 'daging sapi', 'gula pasir', 'margarin', 'garam', 'seledri']",206.6,8.9,25.9,1.2,3
R57,Tim Kentang Tenggiri Wortel,R57.jpg,https://www.generasimaju.co.id/artikel/1-tahun/resep/mpasi-anak-1-tahun,2,3.0,,,,,"['bayam', 'tahu', 'wortel', 'kentang', 'kaldu ikan', 'ikan tenggiri']",75.6,6.2,8.5,2.2,3
R58,Nasi Tim Ikan Kakap,R58.jpg,https://www.generasimaju.co.id/artikel/1-tahun/resep/mpasi-anak-1-tahun,2,3.0,,,,,"['kaldu ayam', 'nasi putih', 'wortel', 'jagung', 'gula pasir', 'tomat', 'garam', 'tempe', 'kakap']",371.1,12.3,3.1,77.9,3
R59,Nasi Tim Ubi Ayam Giling,R59.jpg,https://www.generasimaju.co.id/artikel/1-tahun/resep/mpasi-anak-1-tahun,2,3.0,,,,,"['daun salam', 'daging sapi', 'telur ayam', 'bawang bombay', 'margarin', 'keju', 'tomat', 'beras', 'ubi putih', 'sawi hijau']",184.4,7.2,11.3,13.3,3
R60,Tim Labu Ikan,R60.jpg,https://www.generasimaju.co.id/artikel/1-tahun/resep/mpasi-anak-1-tahun,2,3.0,,,,,"['kaldu ayam', 'bayam', 'daun jeruk', 'labu kuning', 'bawang bombay', 'margarin', 'ikan tenggiri']",120.8,6.6,7.2,9.4,3
R61,Puding susu vanila,R61.jpg,https://www.haibunda.com/parenting/20221124185109-59-290215/20-menu-mpasi-6-12-bulan-anti-gtm-pada-bayi-gampang-dibuat-bun,1,1.0,,,,,"['telur ayam', 'gula pasir', 'susu', 'garam', 'pasta vanila', 'agar-agar bubuk']",584.0,39.7,26.4,47.6,1
R62,Makaroni keju,R62.jpg,https://www.haibunda.com/parenting/20221124185109-59-290215/20-menu-mpasi-6-12-bulan-anti-gtm-pada-bayi-gampang-dibuat-bun,1,1.0,,,,,"['minyak kelapa', 'bawang putih', 'daging sapi', 'telur ayam', 'bawang bombay', 'makaroni', 'keju', 'garam', 'mentega']",856.7,41.6,54.4,47.0,1
R63,Puree nasi kentang dan wortel,R63.jpg,https://www.popmama.com/baby/0-6-months/sarrah-ulfah/resep-mpasi-6-bulan?page=all,0,1.0,,,,,"['nasi putih', 'wortel', 'kentang', 'susu', 'seledri']",3207.1,64.1,39.4,713.4,1
R64,Pure pisang kurma,R64.jpg,https://www.haibunda.com/parenting/20221124185109-59-290215/20-menu-mpasi-6-12-bulan-anti-gtm-pada-bayi-gampang-dibuat-bun,1,1.0,,,,,"['jeruk', 'air', 'pisang', 'kurma']",203.6,2.3,0.5,53.4,1
R65,Nasi Sup Telur Puyuh Bola Tahu Ayam,R65.jpg,https://www.sonora.id/read/424088737/5-resep-mpasi-usia-12-23-bulan-sesuai-dengan-pedoman-kemenkes-ri?page=all,2,3.0,,,,,"['ayam', 'nasi putih', 'tahu', 'wortel', 'air', 'jagung', 'daun bawang', 'brokoli', 'merica', 'tepung tapioka', 'garam', 'telur puyuh', 'seledri', 'bawang goreng', 'melon']",1636.3,40.0,9.2,362.1,3
R66,Nasi Soto Ayam Kuah Kuning,R66.jpg,https://www.sonora.id/read/424088737/5-resep-mpasi-usia-12-23-bulan-sesuai-dengan-pedoman-kemenkes-ri?page=all,2,3.0,,,,,"['ayam', 'daun salam', 'bawang merah', 'bawang putih', 'nasi putih', 'daun jeruk', 'minyak goreng', 'kunyit', 'jahe', 'air', 'daun bawang', 'gula pasir', 'merica', 'ketumbar', 'garam', 'kemiri', 'telur puyuh', 'lengkuas', 'seledri', 'serai', 'bawang goreng', 'soun', 'toge', 'jinten']",1621.3,41.8,10.1,353.2,3
R67,Sup Telur Puyuh Ikan Air Tawar Labu Kuning,R67.jpg,https://www.sonora.id/read/424088737/5-resep-mpasi-usia-12-23-bulan-sesuai-dengan-pedoman-kemenkes-ri?page=all,2,3.0,,,,,"['kaldu ayam', 'nasi putih', 'kentang', 'daun bawang', 'labu kuning', 'gula pasir', 'merica', 'tomat', 'garam', 'telur puyuh', 'ikan nila', 'kacang merah', 'bawang merah goreng', 'bawang putih goreng', 'pepaya']",1634.2,43.9,11.8,358.3,3
R68,Nasi Ikan Kuah Kuning,R68.jpg,https://www.sonora.id/read/424088737/5-resep-mpasi-usia-12-23-bulan-sesuai-dengan-pedoman-kemenkes-ri?page=all,2,3.0,,,,,"['ikan kembung', 'daun salam', 'bawang merah', 'bawang putih', 'jeruk', 'nasi putih', 'labu siam', 'minyak goreng', 'santan', 'kunyit', 'jahe', 'air', 'gula pasir', 'tomat', 'garam', 'kemiri', 'tempe', 'serai', 'laos', 'semangka']",1811.1,58.8,20.4,361.8,3
R69,Nugget Tempe Ayam Sayuran,R69.jpg,https://www.sonora.id/read/424088737/5-resep-mpasi-usia-12-23-bulan-sesuai-dengan-pedoman-kemenkes-ri?page=all,2,3.0,,,,,"['ayam', 'bawang putih', 'wortel', 'minyak goreng', 'air', 'daun bawang', 'telur ayam', 'keju', 'tepung tapioka', 'tepung panir', 'tepung terigu', 'tepung terigu', 'tempe', 'bawang goreng', 'semangka']",1676.0,68.8,27.5,287.1,3
R70,Resep Tahu Tim,R70.jpg,https://bebeclub.co.id/artikel/resep/mpasi/resep-makanan-bayi-8-bulan,1,1.0,,,,,"['bayam', 'bawang putih', 'tahu', 'wortel', 'ikan tuna', 'air', 'keju', 'tomat', 'beras', 'minyak wijen']",210.7,19.3,8.9,14.9,1
R71,Resep Omelet Keju,R71.jpg,https://bebeclub.co.id/artikel/resep/mpasi/resep-makanan-bayi-8-bulan,1,1.0,,,,,"['bayam', 'air', 'telur ayam', 'margarin', 'keju']",304.3,11.1,28.4,1.7,1
R72,Bubur Manado,R72.jpg,https://bebeclub.co.id/artikel/resep/mpasi/resep-makanan-bayi-8-bulan,1,1.0,,,,,"['bayam', 'nasi putih', 'air', 'labu kuning', 'kemangi', 'garam', 'serai']",6037.0,122.1,14.9,1406.6,1
R73,Nugget Tempe Keju Mozzarella,R73.jpg,https://bebeclub.co.id/artikel/resep/mpasi/resep-makanan-bayi-8-bulan,1,1.0,,,,,"['ayam', 'bawang putih', 'telur ayam', 'bawang bombay', 'merica', 'keju', 'garam', 'tepung terigu', 'tempe', 'tepung serbaguna', 'tepung roti']",1481.7,99.9,64.1,127.8,1
R74,Bubur Sumsum ,R74.jpg,https://bebeclub.co.id/artikel/resep/mpasi/resep-makanan-bayi-8-bulan,1,1.0,,,,,"['santan', 'air', 'garam', 'alpukat', 'tepung beras', 'gula jawa']",987.9,5.2,88.1,50.0,1
R75,Nasi Tim Ayam,R75.jpg,https://bebeclub.co.id/artikel/resep/mpasi/resep-makanan-bayi-8-bulan,1,1.0,,,,,"['ayam', 'kaldu ayam', 'bawang merah', 'bawang putih', 'air', 'kaldu jamur bubuk', 'telur ayam', 'kecap manis', 'kecap manis', 'gula pasir', 'margarin', 'garam', 'beras', 'kecap asin', 'kecap asin', 'minyak wijen', 'minyak wijen', 'saus tiram', 'saus tiram', 'jamur kancing', 'lada bubuk']",1188.3,83.4,59.9,78.1,1
R76,Sup Krim Tomat,R76.jpg,https://bebeclub.co.id/artikel/resep/mpasi/resep-makanan-bayi-8-bulan,1,1.0,,,,,"['bawang putih', 'air', 'tomat', 'oregano kering', 'cooking cream']",156.3,4.0,7.0,16.4,1
R77,Strawberry Banana Oatmeal,R77.jpg,https://bebeclub.co.id/artikel/resep/mpasi/resep-makanan-bayi-8-bulan,1,1.0,,,,,"['air', 'pisang', 'baby oatmeal', 'stroberi']",238.9,3.6,1.3,59.5,1
R78,Bubur Tim Jagung,R78.jpg,https://bebeclub.co.id/artikel/resep/mpasi/resep-makanan-bayi-8-bulan,1,1.0,,,,,"['kaldu ayam', 'nasi putih', 'jagung', 'tomat', 'mentega', 'seledri', 'ikan tenggiri', 'kangkung']",1735.5,40.7,22.2,358.1,1
R79,Egg & Cheese Crepes,R79.jpg,https://bebeclub.co.id/artikel/resep/mpasi/resep-makanan-bayi-8-bulan,1,1.0,,,,,"['telur ayam', 'keju', 'tepung terigu', 'kiwi']",2778.3,62.6,29.26,633.8,1
R80,Telur Orak-Arik Keju,R80.jpg,https://bebeclub.co.id/artikel/nutrisi/10-12-bulan/resep-mpasi-10-bulan,1,1.0,,,,,"['bayam', 'air', 'telur ayam', 'keju', 'minyak zaitun']",135.0,10.7,8.4,5.9,1
R81,Sup Ayam Kentang,R81.jpg,https://bebeclub.co.id/artikel/nutrisi/10-12-bulan/resep-mpasi-10-bulan,1,1.0,,,,,"['ayam', 'bawang putih', 'air', 'kentang', 'bawang bombay', 'keju', 'butter', 'butter']",751.8,39.6,85.8,4.5,1
R82,Spaghetti Saus Daging,R82.jpg,https://bebeclub.co.id/artikel/nutrisi/10-12-bulan/resep-mpasi-10-bulan,1,,,,,,"['bawang putih', 'minyak goreng', 'daging sapi', 'bawang bombay', 'susu', 'margarin', 'keju', 'tomat', 'spagetti']",568.2,32.0,32.9,38.1,1
R83,Pure Kentang dan Daging Sapi,R83.jpg,https://id.theasianparent.com/menu-mpasi-6-bulan,0,,,,,,"['bawang merah', 'bawang putih', 'wortel', 'kentang', 'daging sapi', 'tomat']",72.9,4.2,8.0,2.3,1
R84,Bubur Hati Ayam dan Edamame,R84.jpg,https://id.theasianparent.com/menu-mpasi-6-bulan,0,,,,,,"['bawang putih', 'nasi putih', 'hati ayam', 'brokoli', 'edamame']",1871.2,45.7,7.1,421.6,1
R85,Bubur Beras dan Ikan Kembung,R85.jpg,https://id.theasianparent.com/menu-mpasi-6-bulan,0,,,,,,"['ikan kembung', 'bayam', 'bawang merah', 'bawang putih', 'jahe', 'air', 'kaldu jamur bubuk', 'minyak zaitun', 'tepung beras']",244.7,13.2,6.1,33.8,1
R86,"Pure Pisang, Apel, dan Yoghurt",R86.jpg,https://id.theasianparent.com/menu-mpasi-6-bulan,0,,,,,,"['pisang', 'yoghurt plain', 'apel']",258.3,9.8,3.1,50.7,1
R87,Bubur Teri dan Bayam,R87.jpg,https://id.theasianparent.com/menu-mpasi-6-bulan,0,,,,,,"['minyak kelapa', 'bayam', 'bawang merah', 'bawang putih', 'nasi putih', 'wortel', 'air', 'teri']",1259.8,29.8,5.2,284.3,1
R88,Bubur Ayam Pakchoi,R88.jpg,https://id.theasianparent.com/menu-mpasi-6-bulan,0,,,,,,"['ayam', 'nasi putih', 'air', 'kaldu jamur bubuk', 'pak choi', 'jamur']",3795.2,94.1,19.3,841.1,1
R89,Snack Pepaya dan Biskuit Susu,R89.jpg,https://id.theasianparent.com/menu-mpasi-6-bulan,0,,,,,,"['biskuit', 'pepaya']",77.9,1.2,1.1,15.8,1
R90,Pure Pisang dan Alpukat,R90.jpg,https://id.theasianparent.com/menu-mpasi-6-bulan,0,,,,,,"['susu', 'pisang', 'alpukat']",323.0,6.7,17.195,40.335,1
R91,Snack Bubur Kacang Hijau,R91.jpg,https://id.theasianparent.com/menu-mpasi-6-bulan,0,,,,,,"['santan', 'jahe', 'air', 'gula pasir', 'kacang hijau', 'garam', 'kayu manis']",120.7,0.3,11.7,4.1,1
R92,Pisang Ubi Ungu,R92.jpg,https://www.fimela.com/food/read/5209874/5-resep-mpasi-praktis-untuk-bayi-usia-6-bulan?page=6,0,,,,,,"['ubi ungu', 'susu', 'pisang', 'kurma']",220.6,5.4,2.5,48.1,1
R93,Sop daging cincang,R93.jpg,https://hellosehat.com/parenting/bayi/gizi-bayi/resep-mpasi-9-bulan/,1,,,,,,"['bawang putih', 'wortel', 'air', 'kentang', 'daging sapi', 'garam', 'telur puyuh']",299.0,9.8,47.3,9.5,1
R94,Makaroni karbonara,R94.jpg,https://hellosehat.com/parenting/bayi/gizi-bayi/resep-mpasi-9-bulan/,1,,,,,,"['bawang putih', 'air', 'daging sapi', 'susu', 'margarin', 'makaroni', 'keju', 'tepung maizena', 'sawi', 'jamur tiram']",512.9,21.4,27.5,44.8,1
R95,Roti panggang keju telur,R95.jpg,https://hellosehat.com/parenting/bayi/gizi-bayi/resep-mpasi-9-bulan/,1,,,,,,"['telur ayam', 'roti tawar', 'margarin', 'keju']",459.8,18.4,26.4,37.6,1
R96,Nasi tim semur ayam tahu,R96.jpg,https://hellosehat.com/parenting/bayi/gizi-bayi/resep-mpasi-9-bulan/,1,,,,,,"['ayam', 'bawang merah', 'bawang putih', 'tahu', 'kecap manis', 'margarin', 'beras', 'kecap asin']",237.8,10.7,14.0,18.0,1
R97,Nasi tim ikan patin,R97.jpg,https://hellosehat.com/parenting/bayi/gizi-bayi/resep-mpasi-9-bulan/,1,,,,,,"['bawang putih', 'bawang putih', 'wortel', 'air', 'gula pasir', 'keju', 'garam', 'beras', 'ikan patin']",276.7,21.2,12.5,19.3,1
R98,Bubur Tim Ayam Keju,R98.jpg,https://www.halodoc.com/artikel/resep-mpasi-yang-sederhana-dan-sehat-untuk-bayi-812-bulan,1,,,,,,"['ayam', 'bawang putih', 'air', 'jagung', 'margarin', 'keju', 'beras', 'sawi hijau', 'parsley']",684.7,49.1,39.3,32.3,1
R99,Baked Cheese Potato,R99.jpg,https://www.halodoc.com/artikel/resep-mpasi-yang-sederhana-dan-sehat-untuk-bayi-812-bulan,1,,,,,,"['bawang putih', 'wortel', 'kentang', 'daging sapi', 'margarin', 'keju', 'garam', 'parsley', 'merica bubuk']",736.6,21.6,112.2,12.2,1
R100,Spaghetti Kukus,R100.jpg,https://www.halodoc.com/artikel/resep-mpasi-yang-sederhana-dan-sehat-untuk-bayi-812-bulan,1,,,,,,"['ayam', 'bawang putih', 'wortel', 'kaldu ayam bubuk', 'telur ayam', 'margarin', 'keju', 'pala bubuk', 'spagetti']",489.6,29.9,33.9,15.0,1
R101,Baked Tuna Pasta,R101.jpg,https://bebeclub.co.id/artikel/nutrisi/10-12-bulan/resep-mpasi-11-bulan,1,,,,,,"['bawang putih', 'ikan tuna', 'air', 'bawang bombay', 'keju', 'pasta', 'minyak zaitun', 'saus tomat', 'parsley']",1586.8,130.6,71.3,102.6,1
R102,Brokoli dan Kembang Kol Keju Panggang,R102.jpg,https://bebeclub.co.id/artikel/nutrisi/10-12-bulan/resep-mpasi-11-bulan,1,,,,,,"['mentega tawar', 'susu', 'brokoli', 'keju', 'keju', 'keju', 'mentega', 'tepung serbaguna', 'kembang kol']",1545.8,73.8,126.0,31.9,1
R103,Nasi Tim Tahu Brokoli,R103.jpg,https://bebeclub.co.id/artikel/nutrisi/10-12-bulan/resep-mpasi-11-bulan,1,,,,,,"['ayam', 'kaldu ayam', 'bawang putih', 'tahu', 'bawang bombay', 'margarin', 'brokoli', 'tomat', 'tepung beras']",431.8,22.9,23.9,35.7,1
R104,Stik Ayam dan Wortel Rebus,R104.jpg,https://bebeclub.co.id/artikel/nutrisi/10-12-bulan/resep-mpasi-11-bulan,1,,,,,,"['ayam', 'wortel', 'air']",222.4,22.4,11.0,7.7,1
R105,Yogurt Stroberi,R105.jpg,https://bebeclub.co.id/artikel/nutrisi/10-12-bulan/resep-mpasi-11-bulan,1,,,,,,"['stroberi', 'yoghurt plain']",1732.0,75.7,23.72,319.32,1
R106,Nasi Tim Ikan Kembung Telur Puyuh,R106.jpg,https://www.generasimaju.co.id/artikel/10-12-bulan/nutrisi-makanan/mpasi-11-bulan,1,,,,,,"['ikan kembung', 'kaldu ayam', 'minyak kelapa', 'wortel', 'tomat', 'telur puyuh', 'beras']",91.0,6.0,3.5,9.3,1
R107,Dadar gembung,R107.jpg,https://www.haibunda.com/parenting/20240205223626-59-328175/tekstur-mpasi-yang-tepat-untuk-anak-13-bulan-aturan-pemberian-rekomendasi-menu-terbaik,2,,,,,,"['bawang merah', 'bawang putih', 'daun bawang', 'telur ayam', 'garam', 'seledri', 'kelapa tua']",370.0,31.45,24.9,1.9,1
R108,Tim telur Jepang,R108.jpg,https://www.haibunda.com/parenting/20240205223626-59-328175/tekstur-mpasi-yang-tepat-untuk-anak-13-bulan-aturan-pemberian-rekomendasi-menu-terbaik,2,,,,,,"['ayam', 'udang', 'kecap asin', 'air jahe', 'jamur shitake']",927.7,123.4,38.8,15.6,1
R109,Empal gentong,R109.jpg,https://www.haibunda.com/parenting/20240205223626-59-328175/tekstur-mpasi-yang-tepat-untuk-anak-13-bulan-aturan-pemberian-rekomendasi-menu-terbaik,2,,,,,,"['bawang merah', 'bawang putih', 'kunyit', 'gula pasir', 'garam', 'kemiri', 'lengkuas', 'kayu manis', 'babat', 'usus muda', 'sandung lamur', 'kaldu sapi', 'kapulaga', 'cengkeh', 'kucai']",1286.8,126.7,79.7,10.0,1
R110,Pisang gapit,R110.jpg,https://www.haibunda.com/parenting/20240205223626-59-328175/tekstur-mpasi-yang-tepat-untuk-anak-13-bulan-aturan-pemberian-rekomendasi-menu-terbaik,2,,,,,,"['santan', 'air', 'gula pasir', 'keju', 'tepung maizena', 'mentega', 'krim', 'pisang', 'gula jawa', 'perisa pandan']",1439.1,14.9,100.3,134.4,1
R111,Blueberry & banana muffin,R111.jpg,https://www.haibunda.com/parenting/20240205223626-59-328175/tekstur-mpasi-yang-tepat-untuk-anak-13-bulan-aturan-pemberian-rekomendasi-menu-terbaik,2,,,,,,"['telur ayam', 'biji pala', 'susu', 'garam', 'pisang', 'baby oatmeal', 'blueberry', 'madu', 'minyak canola', 'baking powder']",511.3,18.8,11.8,88.2,1
R112,Sup Krim Brokoli,R112.jpg,https://www.orami.co.id/magazine/resep-makanan-balita-1-2-tahun,2,,,,,,"['kaldu ayam', 'daun salam', 'bawang putih', 'biji pala', 'bawang bombay', 'susu', 'brokoli', 'garam', 'mentega', 'krim', 'merica bubuk']",471.8,16.8,34.2,30.8,1
R113,Pancake Oatmeal Pisang,R113.jpg,https://www.orami.co.id/magazine/resep-makanan-balita-1-2-tahun,2,,,,,,"['telur ayam', 'keju', 'garam', 'pisang', 'baby oatmeal', 'yoghurt plain', 'madu', 'baking powder']",794.4,35.5,22.5,119.6,1
R114,Stik Mozzarella,R114.jpg,https://www.orami.co.id/magazine/resep-makanan-balita-1-2-tahun,2,,,,,,"['minyak zaitun', 'mozzarella string', 'kulit pangsit']",329.0,15.0,19.0,25.0,1
R115,Bola-bola Nasi,R115.jpg,https://www.orami.co.id/magazine/resep-makanan-balita-1-2-tahun,2,,,,,,"['ayam', 'nasi putih', 'tahu', 'wortel', 'minyak goreng', 'daun bawang', 'telur ayam', 'garam', 'tepung serbaguna', 'tepung roti', 'lada bubuk']",5291.0,135.5,35.2,1145.8,1
R116,Tofu Kuah Wortel,R116.jpg,https://www.orami.co.id/magazine/resep-makanan-balita-1-2-tahun,2,,,,,,"['ayam', 'kaldu ayam', 'tahu', 'wortel', 'garam', 'mentega']",332.3,18.4,26.5,6.7,1
R117,Perkedel Dari Kentang dan Kacang Merah,R117.jpg,https://crystalsea.id/blog/mpasi-1-tahun/,2,,,,,,"['ayam', 'wortel', 'kentang', 'telur ayam', 'gula pasir', 'garam', 'seledri', 'kacang merah']",734.4,37.7,99.3,22.6,1
R118,Nasi Salmon,R118.jpg,https://crystalsea.id/blog/mpasi-1-tahun/,2,,,,,,"['kaldu ayam', 'bawang putih', 'nasi putih', 'salmon', 'brokoli', 'tempe']",2271.1,88.1,27.3,440.5,1
R119,Nasi Tim Ayam Kuning,R119.jpg,https://crystalsea.id/blog/mpasi-1-tahun/,2,,,,,,"['ayam', 'bawang merah', 'bawang putih', 'kunyit', 'air', 'daun bawang', 'minyak sayur', 'garam', 'beras']",1266.5,115.03,54.71,71.0,1
R120,Chicken Bolognese,R120.jpg,https://crystalsea.id/blog/mpasi-1-tahun/,2,,,,,,"['ayam', 'bawang putih', 'wortel', 'air', 'kentang', 'bawang bombay', 'tomat', 'minyak zaitun', 'kacang merah', 'oregano kering']",358.4,20.2,37.6,23.7,1
